Feature,Importance
sensor8,0.28002035077091497
sensor6,0.20034838694215104
sensor4,0.17418233227872515
sensor0,0.14185410318560057
sensor2,0.051943100786919716
sensor1,0.04981112820646843
sensor3,0.039025506824521806
sensor9,0.026506925325164
sensor7,0.01835401507156031
sensor5,0.0179541506079741
